Time, Word Count
Thu  3 Oct 22:49:39 BST 2024, 7502
Fri  4 Oct 22:52:09 BST 2024, 7905
Sat  5 Oct 22:37:29 BST 2024, 8357
Mon  7 Oct 22:23:30 BST 2024, 8636
Tue  8 Oct 22:21:47 BST 2024, 8895
Wed  9 Oct 21:54:34 BST 2024, 9322
Thu 10 Oct 22:27:16 BST 2024, 9428
Fri 11 Oct 22:30:13 BST 2024, 9533
Sat 12 Oct 22:31:05 BST 2024, 9683
Sun 13 Oct 16:07:24 BST 2024, 10371
Mon 14 Oct 21:35:14 BST 2024, 10736
Tue 15 Oct 21:46:46 BST 2024, 11226
Wed 16 Oct 15:18:36 BST 2024, 11605
Thu 17 Oct 21:40:26 BST 2024, 11801
Fri 18 Oct 22:35:38 BST 2024, 12082
Sun 20 Oct 21:47:42 BST 2024, 12305
Mon 21 Oct 22:21:11 BST 2024, 12498
Tue 22 Oct 22:42:27 BST 2024, 12633
Thu 24 Oct 22:36:33 BST 2024, 13143
Sun 27 Oct 22:34:14 GMT 2024, 13385
Tue 29 Oct 21:57:00 GMT 2024, 13797
Fri  1 Nov 22:14:13 GMT 2024, 13832
Mon  4 Nov 21:55:11 GMT 2024, 14069
Wed  6 Nov 21:53:49 GMT 2024, 14258
Sat  9 Nov 12:57:16 GMT 2024, 14746
Sat  4 Jan 23:02:05 GMT 2025, 15043
Wed 15 Jan 21:13:05 GMT 2025, 15035
Mon 27 Jan 22:08:24 GMT 2025, 15198
